,A,B,C,D
2000-01-01,-0.4226035621822624,-0.9231001472956881,-0.8447342855043849,1.2085691876161822
2000-01-02,-0.3803039459207421,-1.824971826280123,-2.4329907688811625,1.0956185312916937
2000-01-03,-0.959781263076496,-1.7703526216657,-1.924192810660959,2.0730091778423825
2000-01-04,-1.0266916440881297,-1.6157188577173376,-1.4634527901899979,0.4975930543060687
2000-01-05,-0.9510820484808016,-1.1915119690336304,-2.8043966544480163,-1.7613279512765132
2000-01-06,-0.5847794271995784,-2.10357060331101,-3.9921041043197047,-3.0834942259574034
2000-01-07,-0.33748671142168396,0.989476217829361,-5.4652599208642005,-3.533588111246811
2000-01-08,0.4163897232937164,2.0149153431240645,-8.248767213153476,-3.769702669302673
2000-01-09,-0.24497557172751616,1.0065560859138212,-9.490080829361439,-3.838176752920115
2000-01-10,-0.9450467623663084,-0.10500219017858559,-9.12937213928345,-4.565965126259552
2000-01-11,1.0310760471514435,1.898741481279702,-7.9844297865787155,-2.4300248947916834
2000-01-12,2.728600129917001,2.340723351246766,-9.135391877192935,-3.083866766366396
2000-01-13,0.5574691660364555,3.1647730917126538,-8.748201549837813,-5.09268409384072
2000-01-14,-0.03760552670925388,4.539295659005698,-9.809098370706874,-4.8619894609763445
2000-01-15,0.7783272830903679,5.546658466942517,-8.517628351470126,-4.490690566756982
2000-01-16,1.865312673563443,5.585510927506703,-7.765715123892189,-5.9403633398556295
2000-01-17,4.266970145664848,4.951880618304417,-6.161258862104194,-6.387365480113083
2000-01-18,4.053966386385952,5.650938753170937,-6.225276152337412,-7.43797409878039
2000-01-19,4.018878394718738,6.164714128204362,-4.9650447997262095,-8.114477149203083
2000-01-20,2.6468038393667905,5.9098438371272195,-5.979367683944328,-7.8363825965911555
2000-01-21,1.7478679068103968,5.2601579999993415,-5.94380839093911,-7.805231739933866
2000-01-22,1.1324743851988393,5.947003605454805,-5.258940204954392,-7.385542911473459
2000-01-23,0.522392644126435,5.914355412195886,-5.772925735149819,-8.207329640744145
2000-01-24,-1.0932783048905306,4.632555946041821,-5.3940936800443025,-8.867631041674905
2000-01-25,-0.6363499276951146,2.6319303929596076,-6.023526171064628,-8.226980418297416
2000-01-26,-0.1913935429163321,1.5030735149443981,-4.763144747441602,-9.245684603373626
2000-01-27,-0.11785556166533474,2.8698742298852844,-3.699509955173216,-8.37663892671576
2000-01-28,-0.5512259990707704,2.1494514170244945,-4.348652706863452,-8.801618797607496
2000-01-29,-0.22278991834127893,1.2030173876643784,-3.0379577427890205,-9.762897916657616
2000-01-30,0.41601108654423147,1.42524018864028,-3.4244685744906134,-9.640427311838604
2000-01-31,0.8054582844848628,1.1685249754530547,-2.3770044154560086,-11.05378944334694
2000-02-01,-0.752917486995567,0.6343855580694717,-2.605038197719794,-11.840760920773548
2000-02-02,0.5289081192781342,0.692983120816222,-2.7755282576548552,-10.855005793565294
2000-02-03,-0.4013470038146132,1.6094740253959077,-3.8421282878649485,-11.877048367825006
2000-02-04,-0.6202040977449992,0.805664933235716,-2.994806808504413,-13.282364328714523
2000-02-05,-2.0194887327337314,1.2433313064986529,-3.516897744918522,-14.009343173672013
2000-02-06,-0.5629493553771541,1.1373570799759691,-3.6339004593103605,-15.111161696235325
2000-02-07,-1.428113239483063,1.6483227209877636,-4.72274992800029,-16.19012139486391
2000-02-08,-0.6404474900331594,2.554425977166623,-5.256389116193377,-15.88483765960633
2000-02-09,0.9261942682053455,2.3839732883090865,-6.1244560972589275,-15.374989889297602
2000-02-10,-0.26673287000026313,-0.4010857702449977,-8.033931255878725,-15.787070353538613
2000-02-11,0.6057841108930926,-0.14082239380826428,-6.911947159628105,-16.608666374838393
2000-02-12,1.772847732137771,-0.5220334712063339,-7.079825986008272,-18.09685805922386
2000-02-13,2.56718343015738,0.5835452955688378,-6.911663680031353,-18.20017556011672
2000-02-14,1.4042850320502271,-0.11037256977666554,-6.103047075235671,-18.96775804638256
2000-02-15,0.12930977495175822,-0.5798579692154049,-5.006061528595769,-18.376643646467613
2000-02-16,1.5813683059182873,-0.3904889470651193,-4.74748624011326,-17.56337845049654
2000-02-17,1.928290231789004,-0.16180271982131578,-4.8372396196665495,-15.923417713479687
2000-02-18,1.838220996975073,1.6122185424281192,-5.88662148682835,-14.472613032404997
2000-02-19,1.2102523199588329,1.7958699366795168,-5.620789106609844,-15.250350951205856
2000-02-20,1.0034842765160592,-0.7444007967974384,-4.925560462674486,-14.633022664142002
2000-02-21,1.5997192904109265,-0.8624611700193378,-2.953392474033814,-13.515257185382712
2000-02-22,2.5079351765691835,-1.8267017929101823,-1.977972400955364,-13.186027503673293
2000-02-23,2.235390062072343,-1.1762495209922657,-1.1512491802874774,-13.366384571177218
2000-02-24,1.5434042067930687,-2.562119595984883,-2.2008545151311862,-13.893431655790861
2000-02-25,2.267234266587537,-2.2819314067758105,-1.9937863483269394,-13.74416856531125
2000-02-26,1.8425858180401256,-4.004322970700938,-0.705540313577188,-13.96320506792174
2000-02-27,2.7819999452822635,-5.59184319356591,-0.7095340651907576,-13.764325254802994
2000-02-28,2.215705660355777,-4.4147734504270835,-0.5800029875016357,-14.855920015123788
2000-02-29,3.782552884534171,-2.0238422782107492,-0.4526856582062909,-14.068190596816871
2000-03-01,2.607897729472554,-0.4955106532063702,-1.1602981415581772,-14.539769173251369
2000-03-02,1.9008133054387004,-2.0559616461006978,-1.3436971089961618,-16.069175200611333
2000-03-03,2.0690271005321264,-2.001607834235637,-1.246919762843163,-17.311443779852578
2000-03-04,3.552873878205392,-2.6562044136601326,0.4807852756814235,-16.680815141970207
2000-03-05,4.082701692110796,-1.6148834351747052,1.8735344166785213,-16.446516960258183
2000-03-06,4.961308628048505,-0.3249477010578412,1.3291564202373831,-18.36803709787768
2000-03-07,3.478127174757711,-1.0250321255913357,0.8214686405101954,-18.207081134622896
2000-03-08,4.632337522647651,-1.502370503871583,0.5773381549962652,-20.707380773776315
2000-03-09,3.695075535412639,-4.130022590918086,1.5312670198555878,-19.414610251352293
2000-03-10,5.505076460251592,-4.5742101862858835,0.5098997746068077,-19.545939229298643
2000-03-11,5.165711806718329,-5.575551029358364,0.4480929941539289,-18.465838408706343
2000-03-12,4.293170342875248,-4.738921815290784,-0.9459594478077036,-17.366680401414378
2000-03-13,4.154193282682193,-6.266561768313183,-1.131439412607976,-17.625261583398263
2000-03-14,3.0292351344748174,-5.42979841103795,-0.08533959387415013,-15.955123435347971
2000-03-15,4.267750819149162,-4.723630910713657,-0.38389186612334325,-16.090364347098244
2000-03-16,6.002341060059182,-4.266278805349337,1.6070547390704946,-17.529182094561452
2000-03-17,5.576678285417026,-6.049334788929026,1.1956887412061221,-17.28368927563156
2000-03-18,5.213774823965652,-5.7396221327905375,1.852885379910482,-17.100722352110992
2000-03-19,5.636088975172229,-7.890997891577258,3.8900727483876665,-17.14823726534873
2000-03-20,9.101514819653934,-10.138120149122445,5.112791649722469,-18.828404365692993
2000-03-21,8.946216994047825,-10.95465778825257,5.520542930944403,-18.78195654470133
2000-03-22,8.473868241307835,-11.25563664791941,6.275744012902706,-17.79289324669315
2000-03-23,9.00409332739723,-11.6914787937862,6.950952746113521,-17.545752653950522
2000-03-24,8.236970857037262,-10.745490105072319,6.445857537810552,-17.074684587124384
2000-03-25,7.306630083563743,-12.031774651581273,4.951766665789173,-15.618538521013877
2000-03-26,9.374399162114216,-14.251871341824383,6.008664284629901,-14.826165409033836
2000-03-27,8.392894086830443,-14.229353242914934,6.03813496035075,-13.590781721856144
2000-03-28,8.475691111245657,-12.65847694563393,5.84433155004545,-14.649458524216218
2000-03-29,9.755489431972384,-12.462650742581669,5.090406908084049,-15.319964146804852
2000-03-30,10.022650463178646,-10.957907850654458,6.7432605018914344,-15.688841221375977
2000-03-31,10.15062003162545,-9.900583491068074,6.948124956345703,-14.370552817696193
2000-04-01,10.009118759649132,-10.769422771927267,6.531228431677786,-14.339340753961972
2000-04-02,10.994494919277056,-12.722684717843508,8.062696515529444,-14.927943632193983
2000-04-03,9.806108814215566,-11.509580575549755,7.509906409955793,-15.27067749367646
2000-04-04,10.200256276625852,-11.397911118352242,6.961547106715825,-15.766037710200496
2000-04-05,9.511837136119249,-10.714745686647111,7.5795715460831286,-18.393470765134108
2000-04-06,8.897263051818266,-10.443064458457489,6.126616961054391,-18.414598862450468
2000-04-07,7.783751371883387,-10.781385595167974,5.7555182965099245,-19.083222215490864
2000-04-08,7.5800569971578025,-8.766063955620456,3.56995319491394,-18.42225766176144
2000-04-09,7.6274821486979585,-10.867668557606958,4.007841661673325,-17.941976987665548
2000-04-10,6.992340704017943,-11.097438137362941,1.804197904849699,-17.389575938320927
2000-04-11,7.412883144706116,-11.68351813663332,2.6886287681390497,-17.761908544151797
2000-04-12,9.532850202572174,-11.042128678840166,2.9795317587977523,-19.199879254571165
2000-04-13,10.983529776847458,-9.834859684218141,2.9647147645815317,-16.669220872985168
2000-04-14,11.700829914517724,-9.858707568553081,4.99615141202651,-16.499045983812724
2000-04-15,11.69539664091487,-10.194157757959688,6.09096355095191,-16.22239686311328
2000-04-16,11.683345925075907,-10.663325568601628,5.366928292425422,-15.133839570602426
2000-04-17,9.62435027194396,-9.742880486888872,4.653633927881764,-14.684285061466552
2000-04-18,7.538257184232609,-10.49132327062427,5.367960815922885,-14.441263368807824
2000-04-19,6.089879695928261,-12.107624021601204,6.7817614115449825,-15.950471127842219
2000-04-20,7.118442484596981,-12.031152424661705,8.257906070572961,-16.46603899657867
2000-04-21,8.401850863404706,-10.979610195668238,9.417801924782953,-15.734523954075868
2000-04-22,9.015216068153318,-10.88048618601714,9.310677431093803,-17.801732811715627
2000-04-23,9.237999728492532,-11.541101870881947,8.91007202526703,-18.98891604841244
2000-04-24,9.605982433270892,-10.585091288924168,8.590203297466186,-20.261172891468114
2000-04-25,10.26742537906757,-11.665141974388824,9.863294167548512,-18.474969672955492
2000-04-26,10.879281864473288,-12.15657756754785,9.929496996918688,-17.004709114550618
2000-04-27,11.451086132643304,-12.983390012059697,10.932837266710951,-17.092648020574373
2000-04-28,10.662171650784709,-12.795447524775904,10.691430953837942,-16.769477154517286
2000-04-29,9.956413341411135,-13.098788928294537,9.68236458942675,-15.354575016908633
2000-04-30,10.185979767818976,-13.580004049090343,9.822870865973917,-16.254036680539848
2000-05-01,10.285092032834267,-12.575608291932344,10.134523901078492,-14.183939327367447
2000-05-02,9.126423424179338,-14.03220970794733,8.12617973292773,-12.970932100105548
2000-05-03,9.751627392724929,-12.96571812119415,9.186278989989056,-14.003856721701911
2000-05-04,11.395007896860445,-12.728210990109622,8.669256294647939,-12.75161961532489
2000-05-05,10.877023747681317,-11.36376813792786,8.627055152856151,-11.712723915551493
2000-05-06,10.592656171587322,-10.9375105743849,7.966764206685787,-11.36239500366561
2000-05-07,13.248326812317456,-10.269698650667342,5.4408139526393615,-10.786327541869328
2000-05-08,13.546605036704431,-10.804924539479966,4.197634505423652,-10.842717941256542
2000-05-09,13.757744284700099,-9.54665151092038,2.961088270922399,-10.213874894105402
2000-05-10,14.609571458357461,-10.406039050652302,2.6047224618919667,-11.190706571139316
2000-05-11,15.263820248110834,-11.171260202494738,2.3877952457499254,-12.221589837765121
2000-05-12,13.910115166842065,-12.609761194344067,2.324828127332772,-11.51100634391892
2000-05-13,13.75748437059112,-12.982014271494002,2.8198079745886484,-12.600739062129772
2000-05-14,13.735202846245768,-13.367813973880423,3.0413449505685084,-12.410283627761169
2000-05-15,14.34725819806764,-11.84714017162802,4.883898598762993,-11.797879907872137
2000-05-16,13.551127994956431,-10.300818742848783,5.354250201144489,-10.77481046752334
2000-05-17,12.671623333883502,-10.042552180601849,4.811029859728256,-11.061990082395248
2000-05-18,14.514072592128255,-11.070478290877137,5.755331859631034,-10.375520209049732
2000-05-19,15.676322525766007,-9.955471528808019,5.912267724601904,-9.729123574016297
2000-05-20,14.431040780088189,-9.952601555166877,5.039572597022336,-10.400074175074284
2000-05-21,13.690574360651636,-8.178424870527273,6.172331933654037,-9.28942147355685
2000-05-22,14.05442522680637,-6.78025087478231,7.08199037103267,-10.192376256305398
2000-05-23,13.777864427378358,-6.461160666273785,8.879373808797279,-10.45344880516466
2000-05-24,14.475456061021113,-7.087289521835865,8.311671727274392,-9.966987560221906
2000-05-25,15.231896187726488,-7.3899035077442266,11.152027469581704,-8.387044793473773
2000-05-26,16.253996470440683,-6.618315396986204,10.042825070106616,-7.861083246902773
2000-05-27,16.83802822269735,-6.297123599586681,11.082913149635159,-7.721968507405845
2000-05-28,17.745029372507073,-5.897533808668047,12.088721619739985,-7.934638249992074
2000-05-29,17.048779734678764,-6.563984054189169,12.497149478048604,-8.20633691108702
2000-05-30,16.758238223265806,-6.3117089845182734,11.915903487792605,-8.225326876326331
2000-05-31,15.411297606650544,-5.643174950753732,11.841514983634784,-8.854640207884144
2000-06-01,14.332150059124826,-5.9274552310222255,10.36508075642255,-7.87822045084099
2000-06-02,14.61446152417516,-5.52360494439231,9.163846187499692,-9.586191471971551
2000-06-03,14.30405836721107,-6.459296653045245,9.936757085845949,-8.243063837262424
2000-06-04,14.533936096363481,-6.261320217772674,9.997386034282785,-9.460170093051804
2000-06-05,14.45443043633475,-4.661991410669624,9.63276746075024,-9.320497095734698
2000-06-06,13.619318242016968,-3.9900130119114814,10.147760528402697,-7.877796372935809
2000-06-07,12.759054986696519,-4.832617242493993,12.964994181874125,-6.796805351235047
2000-06-08,12.512390856913884,-4.359387437309127,12.079194579221085,-6.498092783088376
2000-06-09,14.371219783917782,-4.694607792145283,12.982428342276078,-7.485071589704229
2000-06-10,16.471700836029264,-4.4655171267638565,13.380032450040577,-7.221933970502726
2000-06-11,16.073883918040334,-4.780970021285604,12.423392233189189,-7.46520240793321
2000-06-12,16.53375754215283,-5.4978727843697275,13.904387200535695,-7.758317887889117
2000-06-13,17.59687504349154,-6.774151529772253,12.890459202427268,-6.376463146189565
2000-06-14,16.458416385906474,-6.3816788983148625,12.810854043667563,-7.029201622399745
2000-06-15,14.49871015009993,-6.208095583165123,10.902600603269658,-7.144111846268647
2000-06-16,12.967367477212498,-6.820807187315222,10.69343443723146,-7.045040470840704
2000-06-17,13.32546528353767,-8.032405047882104,9.799487448383063,-6.162901872981328
2000-06-18,14.559806243377363,-8.212492982859576,11.736070582414396,-6.551956442611075
2000-06-19,15.237882069523321,-6.829020517037627,10.567375048576492,-4.995991856837309
2000-06-20,14.674287725735303,-4.856989520907424,9.752573220888927,-5.98366009000087
2000-06-21,14.54912137359598,-5.5445067994252515,10.760276232255745,-5.966534093914449
2000-06-22,15.021909616569433,-6.4894474779831235,10.179667134648726,-5.2300438524875865
2000-06-23,14.720715385605805,-7.269123579600297,11.799546585366732,-4.557600873766744
2000-06-24,15.041152877671488,-7.828298914178802,10.786418902637061,-5.153663817474683
2000-06-25,15.226432307436195,-6.068003008117888,7.762262199265506,-5.336971879752098
2000-06-26,14.122522766356246,-5.260321677417784,9.068121817430658,-5.106107454366547
2000-06-27,13.591733308083793,-5.411744089482115,9.779311189854361,-5.625085756341116
2000-06-28,12.35709474139386,-5.23518889199709,8.848656838475254,-5.695539835180531
2000-06-29,10.706448767694347,-5.1894545120121265,9.094323466481448,-4.930181207860668
2000-06-30,10.089009234279757,-3.3244574826084454,9.910527562237723,-4.218335578404387
2000-07-01,10.677411066094182,-2.450198234649839,9.81987799565564,-3.988220572107408
2000-07-02,9.564391335765276,-2.1434243444867156,10.14610450010264,-3.112595095772318
2000-07-03,8.129218654403887,-2.397784551034314,10.290477130014263,-0.720686652792017
2000-07-04,8.628578905168462,-1.3272659107899898,9.473779117494997,-1.1974410060083582
2000-07-05,7.4485895994277715,-0.7995318551205505,10.31510503045532,-2.4586433166394004
2000-07-06,7.971486367913833,-0.4749562650687658,12.310588175423153,-1.8912363598457422
2000-07-07,6.0480770547442315,-0.01400642142658115,11.843018720243542,-0.17857088209933147
2000-07-08,6.181911897723889,0.5710962717610004,12.292173542618322,0.604446408688068
2000-07-09,5.4840066443659286,0.16181875284108282,12.904340370920842,0.3620750803924506
2000-07-10,4.105404968429813,-0.6294799133127398,13.093090082883268,0.04201664845457309
2000-07-11,5.836399569244752,-0.941068833257873,12.984127649600177,-0.19227192445933988
2000-07-12,6.210435058432207,-1.9010830120191278,12.74658594483895,-0.8256883789490339
2000-07-13,7.7682692410835035,-0.08271556952639236,14.254467893406765,-1.4709350883966086
2000-07-14,7.488334757051762,0.20800662402333503,15.192126105386963,-1.8004117162315223
2000-07-15,7.299506993569558,0.8428722953581581,16.028645209480445,0.5054326537540577
2000-07-16,7.3970570427919125,0.7822765860242172,16.133848645935295,1.4977078102364327
2000-07-17,9.17050885964466,3.1496631541725204,14.008843899001018,1.8655364701991035
2000-07-18,10.394501709146073,1.2369132225144828,11.638242024737885,1.2683064139063556
2000-07-19,11.508465660283713,1.4461025164537678,11.843912277506414,-0.403014736908917
2000-07-20,10.387075431852695,0.8289235802390684,11.464777176244795,-0.2141298985331116
2000-07-21,10.359119077292622,0.18251247073038646,12.937668502486552,-0.9905719040702369
2000-07-22,11.600085872231892,0.3736540301926152,13.710539609799747,-0.3495009769604278
2000-07-23,12.459865804023373,0.11974042535735252,11.963330988484792,-0.23959681922036785
2000-07-24,11.62957410999758,0.2838007903272538,12.018728642086511,-0.042405564632392034
2000-07-25,12.024856762027161,2.094861436665896,11.781184115039574,1.7268175383099869
2000-07-26,11.56415631357869,3.3069602798055415,12.422748848947533,1.6570187398547298
2000-07-27,12.344612499037675,2.822435185637934,12.015102849421524,1.2096732627486673
2000-07-28,12.526859055845346,1.84811799650157,11.32531396904019,0.85225842365851
2000-07-29,12.755882416994044,2.666972245606761,10.921044960921591,0.40317956136544747
2000-07-30,13.616064793895573,4.602725711480762,10.02593381954885,0.2611753138422252
2000-07-31,15.242403653160267,5.684656224563857,8.792714753733366,1.9961366002694487
2000-08-01,15.326779285251892,4.42996929652916,7.202396883897579,0.5998718831613234
2000-08-02,14.93080500737886,4.511031832083778,6.026175297481138,0.05890703843653722
2000-08-03,14.176355482909615,5.100848024729055,3.0009915633691957,0.5992651978580263
2000-08-04,15.82650869761602,6.174673547706633,2.64635760577588,0.9154292728255284
2000-08-05,16.464356172437654,5.8939843109023515,1.8710041639205295,0.26932175203519126
2000-08-06,14.681772861436986,6.039654559071557,3.091182963125515,1.1360016978339322
2000-08-07,14.661819756227242,4.771146293332992,3.031326794335793,0.17775677368560416
2000-08-08,15.189484027824061,4.160602644178274,2.5276176260817462,0.3679675416295419
2000-08-09,15.18580538974513,4.30323401453947,3.8683056711232524,0.3683813826385055
2000-08-10,14.628760938163461,3.1006475220886474,5.868261595284924,0.22059755956299962
2000-08-11,14.429575233410404,3.1524448463248045,5.102569081812192,0.5077793365602445
2000-08-12,13.787730130030575,3.291336906623776,5.4072575369715,0.3842983253002686
2000-08-13,10.915237411005172,3.185517458834942,4.405359186704662,-0.2583874629300172
2000-08-14,11.827761910974537,2.1554693174682726,3.7492082033962415,-0.47172842165640966
2000-08-15,11.130670655913262,2.553304895104051,4.280041368052764,-0.5160167541437306
2000-08-16,10.886799668886237,3.898309031135258,4.2122169880268014,0.21327975009948996
2000-08-17,9.644213518807389,4.47845142446594,2.376576989880768,-0.2505581908911833
2000-08-18,9.895581078760806,5.234508361182508,2.5212746369125107,-0.8699387432746672
2000-08-19,12.27869758835526,7.379670624496676,1.2717792951411804,-0.6030389217911337
2000-08-20,13.773537550333918,6.663065474385399,1.125889375982547,-0.9507848217968091
2000-08-21,14.900965046381025,6.215925231796838,1.4990587556817179,-1.2008283699972013
2000-08-22,15.329677507960898,5.398388945191318,2.2301978898202983,-0.13199311264094105
2000-08-23,17.10130159806511,6.192021829219871,2.011005888871202,-1.5439065429970642
2000-08-24,17.260014568838084,6.106251375673811,2.487244298459511,-3.947137319803404
2000-08-25,16.785625602833132,6.681347711417559,3.335260751519694,-4.355809413047512
2000-08-26,16.568569036375482,5.989917787317157,1.5770658820112844,-2.522461340712846
2000-08-27,17.279894980998762,6.463623973255184,0.9533340909284095,-3.792444130077274
2000-08-28,15.996501137760664,6.373959600538905,-0.5851298148709788,-3.030358554267425
2000-08-29,17.025172685103893,6.264960891021945,-0.5240328185859245,-3.3320714964063454
2000-08-30,18.380240234023127,7.6199495324992075,-0.30963235937866285,-4.342384006050013
2000-08-31,17.638583111398475,8.844669992576595,0.16787384055340537,-2.6980574186383643
2000-09-01,18.614907294476794,9.996127905921265,2.834037732833823,-1.6235997676424954
2000-09-02,20.063083000620136,10.447074963156064,2.306053557134522,-2.994061162972102
2000-09-03,20.285310234030156,10.205920378794298,4.235336245419862,-2.6198392888562303
2000-09-04,21.00470370172288,10.460692165815216,4.075691142463311,-2.987324916405108
2000-09-05,19.740635961431423,9.113430959264665,4.68032402675931,-3.290573992147647
2000-09-06,19.69862607873519,7.465476679350303,4.341401417278821,-1.9289851347014044
2000-09-07,19.595107397525723,6.012681939379656,4.396996946542522,-1.459324609870882
2000-09-08,20.290842374517805,6.650115671830377,3.86132995747643,-1.091104492744577
2000-09-09,20.580496036334427,6.336088922253614,4.293043914871879,-0.13547056214744457
2000-09-10,20.435843484331507,6.029208707538814,2.6652312070648234,0.49925892627150514
2000-09-11,20.226293002028427,6.713912395661353,2.085078526407377,0.913467071838087
2000-09-12,19.718799816658848,5.585765897533527,2.06602202422269,0.04726797387376791
2000-09-13,19.272159106152763,5.568304387110629,1.4917404972207622,1.5066501617153691
2000-09-14,20.249377687572323,4.091114955867663,0.3523016005808126,1.665626252738559
2000-09-15,21.074225454341192,3.995100587620387,-0.17704884213143002,0.47061859640517967
2000-09-16,21.53608769508332,2.829577798557679,-1.2389802873882043,0.32186227881887536
2000-09-17,21.943380872974778,2.403237401603124,-0.839198404406555,0.20556310972588698
2000-09-18,23.334692601832714,2.1605264730337654,-1.1218558477358678,-0.3859004874480456
2000-09-19,22.82903999919446,3.590102995617035,-0.10904185509559983,-0.19593296299577287
2000-09-20,22.786635170877734,4.539567401960791,1.2340750042534236,-0.9119293139047335
2000-09-21,23.814298028712376,5.2453735430990225,0.30048775914413794,0.9431281557388518
2000-09-22,24.833654210976384,7.869408837555142,-0.7888893586051935,-0.2398976661464094
2000-09-23,24.1886460371057,9.007823437601095,-1.023559738453619,0.39652094826576056
2000-09-24,24.18324477694692,10.042848058253952,0.46901879930109147,-0.8389431089322232
2000-09-25,22.957376834749994,9.786572928920066,1.0849254450512698,-1.2203805255630642
2000-09-26,22.28882775654321,9.97368843927762,-0.659232073004699,-2.097641113788546
2000-09-27,21.614482826081257,9.42679769584889,-0.2728063742732684,-1.8803885849592947
2000-09-28,20.35364906347191,9.970061991358966,-0.7490580995259419,-4.373724740423234
2000-09-29,19.416494211428475,9.162726249350603,-0.009491222607338923,-3.1286641960786463
2000-09-30,18.275648545593096,7.786188219267901,-0.6232246306705487,-3.1291784086921752
2000-10-01,18.40360527676761,8.71617977306737,-1.4541099883009792,-1.4059155882688477
2000-10-02,18.751709776231028,8.27876886124596,-0.445747246270392,-0.27045209943842496
2000-10-03,18.42085377426821,9.113237872290885,1.2620503309619606,0.10142823630658238
2000-10-04,17.99025726249253,10.150304161568432,0.8523275597464223,0.814772121975817
2000-10-05,17.199809742022776,9.400600054938977,1.030975043985584,0.6882415512836646
2000-10-06,16.401316214634814,10.77766127739897,0.9695373011679995,0.6867591172284324
2000-10-07,16.04089484203977,8.933008667079154,1.5887014754065587,1.7725245806363574
2000-10-08,15.861270850027346,9.432053279330107,2.8393407996733195,1.3582297564630306
2000-10-09,16.37766344157717,11.305157979750541,3.556179725435113,1.2827817159868629
2000-10-10,16.664028281561023,10.620286227388583,3.7855125369045153,2.3865575362937697
2000-10-11,16.814296741848597,10.17080160051983,4.124311775520675,2.886703771777421
2000-10-12,17.666072586166003,8.660170213832851,4.94586241896382,3.9665366055510836
2000-10-13,17.75213100767643,10.661049271992171,4.337053797125947,4.225105236202149
2000-10-14,18.48467838160037,9.061929616278437,4.0066908492616715,5.347890605777089
2000-10-15,17.55447014152262,10.144416930894884,3.283317980519673,4.245529279430581
2000-10-16,18.271894482383722,10.22664621949327,2.1206550522413607,4.313639365419094
2000-10-17,17.763534427605887,10.288557231577125,1.0886641826320131,5.028364528341806
2000-10-18,19.145177428887877,9.908333942095476,0.7055796013458462,5.890820718667549
2000-10-19,19.74490493809478,9.496349245523973,1.4981189445641947,5.89306890613886
2000-10-20,19.024960456388733,9.240187647743275,1.4842356427554746,6.100505825322425
2000-10-21,19.985573152821967,8.493432596558065,2.234159617657956,5.748960654973475
2000-10-22,20.515112294515255,7.782212337894208,3.6905559420944205,5.773737391738422
2000-10-23,20.533733930905374,8.382452898092154,5.248708170543889,5.709376976717789
2000-10-24,21.693048114534786,9.790622644255462,3.2937120422824715,5.977171142943106
2000-10-25,21.48064129216254,12.06833779931669,2.8499824602961987,5.8201866515263285
2000-10-26,20.52835107287866,12.347788192788036,3.484009892075649,4.561402902604837
2000-10-27,20.948134789514885,14.341091979555564,2.761088566667594,3.4987947079043424
2000-10-28,21.69248529824998,14.706571297637307,0.253744734891447,4.055992796899383
2000-10-29,22.745732075580772,13.2414152911465,0.06888937888283528,4.398843122648369
2000-10-30,21.92717731150136,13.387993723456743,0.049485204126235624,3.9577629575709286
2000-10-31,21.9468406574896,12.630648895713383,0.5147254635678457,3.6756509841750638
2000-11-01,21.484576685385754,12.5348643019603,0.7606283883778245,2.1357987624926853
2000-11-02,19.730350785514958,11.978068367158443,0.6060952013196269,2.772316857231484
2000-11-03,19.309635021960304,12.586315164497435,-0.09468692373869447,0.9336883048374744
2000-11-04,19.71206003286703,12.123617166732808,1.351093181946734,1.4860986207290032
2000-11-05,20.830894382612737,12.120346803576494,0.7200190442857978,0.06446490289023155
2000-11-06,20.67067871715342,12.017823172467871,-0.06665443628345102,-2.312974348105945
2000-11-07,21.10281720720394,11.778040387155457,1.700787456898238,-2.3705758366256533
2000-11-08,20.630720211565254,13.269870228340622,1.8396947552974359,-2.640136924660496
2000-11-09,21.164963967724606,13.02610429377036,3.165673064121055,-1.2126838960529303
2000-11-10,21.425352414106083,13.298372510568598,2.6445481948881455,-2.2720203947318085
2000-11-11,20.28794207937378,14.23206176524228,3.7206594083026765,-2.7189379418727277
2000-11-12,21.65662521987934,15.872349114058384,3.8585247842441834,-3.038747212848998
2000-11-13,21.7676260190339,16.04435041918719,3.1934533527568085,-4.316382586552669
2000-11-14,21.575347787845253,15.621237637585024,5.4791302430464786,-3.317443178936658
2000-11-15,23.03442519796666,16.410499078610318,6.6939074131379135,-4.2208270753583665
2000-11-16,23.19980311056664,17.22561332973266,5.258072681938453,-5.303109724418315
2000-11-17,24.068401997709575,18.016687917074723,6.497067228363965,-5.554514649673105
2000-11-18,26.008884031128197,17.278077919322026,5.2528877010349975,-5.367802469588583
2000-11-19,25.73809173512975,17.168064247675588,5.070719066857642,-5.230810459879408
2000-11-20,27.267653887051978,16.01291974361966,3.0159958008745873,-4.531640066604787
2000-11-21,27.99080179758248,16.27539547221095,2.1354327331760343,-6.843417987771596
2000-11-22,28.04147402246706,16.5850930252609,2.5274741190623633,-6.397723967721065
2000-11-23,27.503857758601992,15.691415524218364,1.2356524814906555,-7.15080311580485
2000-11-24,26.989660188524976,15.443478586753717,-1.182753811058397,-6.695546802488223
2000-11-25,26.90492642424835,16.145944869146703,-0.4323687920310022,-7.078786488085661
2000-11-26,28.10026130059171,17.42387505406898,-1.1923035872105807,-8.894112979169062
2000-11-27,29.159772786482115,14.941139377492384,-1.038536009160808,-10.12110160007474
2000-11-28,31.315843924305383,15.799431697162536,-0.7530567202855591,-11.069532259156414
2000-11-29,31.146692166131697,16.756050256370536,-2.68447125733692,-11.648499310636412
2000-11-30,30.126661969803106,15.188834522440164,-2.3833453476724156,-11.88691241644771
2000-12-01,29.58882499663046,15.725664046966209,-1.3264335115283448,-12.245005181537818
2000-12-02,29.71740840804425,15.668673131016586,-0.6513275488279937,-10.569525209513369
2000-12-03,28.992887361778443,15.33606862885621,-0.7525290356248789,-9.41744479593458
2000-12-04,28.724154538492495,14.1303569380849,-0.83979379048441,-10.83638992602416
2000-12-05,27.860749079693722,12.231757423761723,0.7716177389462825,-11.171052005493546
2000-12-06,27.806330849390452,12.517216110068182,-0.44014175113490295,-10.171696504210866
2000-12-07,27.648120942681558,12.799326855804466,-1.4174847941126822,-9.88744490020561
2000-12-08,26.575229385604604,13.282650638636442,-2.05551705530039,-9.307520238240068
2000-12-09,27.22474849346649,11.922625607668586,-0.7846786560969443,-8.93378778245014
2000-12-10,29.1562902773021,13.43457534422214,-0.31008480654638815,-8.545319355099256
2000-12-11,29.735149863249266,12.054697867218042,-1.090831772565445,-9.065001610702174
2000-12-12,30.084544580807588,11.147976859907974,-1.0319970525650448,-9.488242018588142
2000-12-13,29.552060536650533,11.236138416969062,-0.8008652149176947,-9.541892950153148
2000-12-14,29.844546981743246,10.615589427207798,-0.9436566729678202,-9.794277270582873
2000-12-15,30.78165247191057,10.125994228100884,-1.3833250075790404,-11.128352836628347
2000-12-16,31.08007525583096,9.888192954812025,0.2803412547015005,-11.853307602180497
2000-12-17,30.961864730957576,9.64562954033935,0.7345673020416721,-12.894228017797525
2000-12-18,29.251398951766095,8.793975987615742,0.9277740592981725,-12.63841789606598
2000-12-19,28.7224716189734,8.956159940306542,-0.3381034863118386,-13.269876272964671
2000-12-20,26.742948513792054,9.73836629099743,-0.3020347652025384,-12.83992190129528
2000-12-21,26.54804100339327,9.103215451154746,1.4900469372577587,-13.303266106961859
2000-12-22,27.570957289940377,7.665902914863573,1.6655715989668196,-13.68627187246395
2000-12-23,26.867239189495965,7.841079523256756,2.4089177027871673,-14.471459613490179
2000-12-24,26.906863461379373,6.027859021011928,2.4203185587315748,-14.339876536513449
2000-12-25,25.260345612399885,5.834459774871818,1.9958431295512473,-15.842310912117282
2000-12-26,24.442419572164198,6.593626459265282,1.9369772400941476,-14.867103058874994
2000-12-27,25.433664304116373,6.219822275758476,0.5497340499527594,-14.999460012314287
2000-12-28,25.827525649401636,6.639075507319952,0.9343876099801594,-15.581778868496333
2000-12-29,28.325845045209675,7.896278759421948,0.5925568965456703,-16.748450207179484
2000-12-30,29.08595882272868,8.221949324475823,-1.1089450512173515,-17.52399548634842
2000-12-31,29.52196697830758,9.30813616685433,0.408414374385456,-16.529801210778217
2001-01-01,29.07446167351104,9.482610712159193,-0.5180024621203537,-15.53742232993596
2001-01-02,28.83875138128322,11.114363574998114,-0.5006458208590091,-14.951770644679101
2001-01-03,27.859775588518,10.447037268873483,-1.1524911649174974,-16.085479651919567
2001-01-04,28.675881081342997,11.500378938719232,-0.8923088508058317,-15.44394537960625
2001-01-05,28.063100626003717,11.65643383823569,-2.0588199656913786,-13.819237572938768
2001-01-06,29.20065619070702,12.233640627898025,-2.092578719244881,-13.735668425680817
2001-01-07,27.955291873568925,12.840720092560655,-1.8376754943146494,-13.41143242890827
2001-01-08,28.837139942223278,11.973708805716486,-0.39638398337319614,-13.968075936435133
2001-01-09,28.370542939889813,11.550600267988754,0.5126706450063064,-13.35405026960993
2001-01-10,29.82123814745698,10.457743789310424,1.165801742193758,-15.880949401806893
2001-01-11,30.068566704038716,9.501927413396213,2.287817172560641,-14.73896975312583
2001-01-12,29.518407269232572,9.906584568188531,1.974709010815675,-16.2366914419384
2001-01-13,28.868815788845712,11.66615254803349,1.6166334973257142,-15.338818270720745
2001-01-14,28.25880086175261,10.364725181755734,3.8657528153118106,-15.107912079447065
2001-01-15,28.369421278310597,8.42163267974858,3.7673677251548625,-14.395531242722804
2001-01-16,27.830579237690245,8.760583505237916,5.322297887978055,-14.034128699898872
2001-01-17,28.002563389767534,9.21462352395553,6.34694827019495,-13.343237656924014
2001-01-18,28.98015520290709,8.926260794733327,5.687055790443579,-12.63895951407935
2001-01-19,29.579283353668668,9.30711586481807,5.524409866162249,-12.15472485394764
2001-01-20,29.244140478951856,9.302633806862781,5.703016815858955,-11.976590442631053
2001-01-21,30.419027822305193,8.714976880200771,6.533096422147109,-12.213477448404964
2001-01-22,30.528703989989786,8.953028853250261,7.565882663740167,-11.444618500840845
2001-01-23,28.944876978600597,8.759553033156893,6.342041452142947,-11.829440489398959
2001-01-24,28.534019321255805,10.022743005200281,6.8722137143180655,-11.319370064281987
2001-01-25,30.06812532262803,8.882653677127703,8.44467428651777,-12.25329263393666
2001-01-26,29.954600368053157,9.356442072206324,8.840417114629519,-13.047063212753745
2001-01-27,28.980287222410762,8.427879024825188,8.066210527645227,-13.439154896314314
2001-01-28,28.366275619413663,7.629017693006434,7.122252029453087,-14.031542729517332
2001-01-29,29.07467081751694,6.496342879195745,6.246353818492188,-13.321917138956595
2001-01-30,27.41157615430537,7.328425685366517,5.87133548182855,-13.734702888206314
2001-01-31,26.36558660686474,7.47127854493921,6.833928083032807,-12.637749561211393
2001-02-01,24.34721533130335,7.213498308770272,6.7093184659592,-12.18440740021452
2001-02-02,24.309148026546158,7.272716434403822,6.785223491774687,-11.959637398535937
2001-02-03,24.719103185436968,8.358677172153495,5.50201917360531,-12.3244382070397
2001-02-04,24.378539337775326,7.334995317206975,5.031284034399427,-10.146193096295875
2001-02-05,23.110552479196695,8.786478125986612,4.586270774801147,-11.37043898305589
2001-02-06,23.180894223230666,8.962854812859433,4.087081115546762,-11.342747957293474
2001-02-07,21.952631722133162,6.705299004976985,4.733651548023996,-11.685727902666805
2001-02-08,20.666038138400793,8.1678064093662,3.0934194348955844,-12.682285180285193
2001-02-09,21.354258800667534,8.836549211738014,2.3593471802747694,-12.656100248475026
2001-02-10,19.002301473959296,7.922932280581759,4.319358941174796,-12.4467504017633
2001-02-11,18.89167960682706,10.029025633126013,3.115538890836002,-13.434467047640666
2001-02-12,19.177267732925007,10.175099279091643,3.158014896405189,-13.198172323579213
2001-02-13,15.889648947755628,11.29635379431676,2.5769178930079626,-13.769536261665246
2001-02-14,15.85103110598011,11.531976954730842,1.5537295357830991,-15.089444325611444
2001-02-15,16.714651862195282,13.396610118499462,3.019728468559374,-15.290754776030502
2001-02-16,15.711457388851883,13.409916201023425,2.1752547067520043,-15.242951196051637
2001-02-17,17.40881519768329,11.583100383570473,1.8137939425837892,-16.203973358948552
2001-02-18,17.24033570444071,10.591939874830182,1.9645947458252868,-16.360253108282578
2001-02-19,17.838850686943903,11.199538777359326,1.8140621288540526,-16.29036414946511
2001-02-20,18.930128610432078,10.129856661351344,1.6884098389195064,-16.34283388289076
2001-02-21,19.70012559331292,9.889857578422141,2.1490604212720377,-18.692207048900542
2001-02-22,19.314636872891857,10.564299545888774,2.5643312411196835,-18.82685254982597
2001-02-23,20.399887945902254,10.06546078315041,0.977980631876012,-18.356953693196235
2001-02-24,20.651930157607598,11.571049476005793,1.2668540396673789,-19.53037907404788
2001-02-25,19.689059928872545,12.195940771126265,0.8839670812920506,-19.435568038388624
2001-02-26,21.108491180105034,12.274841794106623,0.40311805836674,-18.051118838455274
2001-02-27,23.317713709849446,11.24960052861258,0.4565144644895658,-18.671049057161532
2001-02-28,22.206233982150206,12.361717308609652,0.19528464657387695,-17.536862100465946
2001-03-01,23.013119021224306,13.247453641334971,0.13210448252713392,-17.645852332638718
2001-03-02,21.224281994307493,13.841440372555171,-0.053242427404362136,-14.745382500200977
2001-03-03,21.701146195375525,13.84011620877924,-1.0867976569935933,-14.763164675421216
2001-03-04,22.159553466858007,14.255245561497913,0.4556863749180502,-12.77325497497268
2001-03-05,21.923752791498334,13.799787258079887,2.5223919721176493,-12.840809718563529
2001-03-06,24.281621395866587,14.091788213982205,3.076027793038784,-12.023443256766711
2001-03-07,24.768088976873006,14.568431935983385,6.115033228942373,-13.24367812571796
2001-03-08,25.800375647732867,13.286874440391287,6.007706794033573,-14.932281655494474
2001-03-09,26.04047912819061,13.77544590597852,5.200482788537542,-14.421409037729674
2001-03-10,24.463543195145487,13.932720732790036,5.024164286855666,-15.123607915248916
2001-03-11,23.608971498806607,13.801038082859602,5.212767396339067,-14.076195068343393
2001-03-12,21.508953652220367,14.077782866870345,5.477022277458401,-16.284197228399204
2001-03-13,21.25689994430613,15.775003483816223,5.736264104150434,-16.938051021563705
2001-03-14,20.05534215795117,15.93297588104758,7.000414948264509,-17.085244536286805
2001-03-15,19.235876815796622,14.75551802645638,6.386018342530436,-16.41925623166109
2001-03-16,18.25151581188883,14.344076454216387,7.897292501167023,-16.010929897384464
2001-03-17,18.587043082270263,15.00432797301868,6.838156092244404,-16.191105264643426
2001-03-18,16.741049317836968,13.363562953484752,7.124447019125838,-15.502582025312185
2001-03-19,15.574849133309838,12.147196641790693,9.041238178729355,-14.455290775313903
2001-03-20,14.370164900713561,13.198637313622818,8.163579568565135,-14.531402474270054
2001-03-21,13.865496880611072,11.451561736788195,8.037076401232946,-13.692069125991186
2001-03-22,14.57697792415316,11.238559173458903,10.14428873104706,-13.055747575904178
2001-03-23,17.27033791454781,11.124041514686708,10.546766792241414,-13.188959936103064
2001-03-24,17.792764700910677,11.539467818114115,9.29795744481904,-11.77552621558352
2001-03-25,16.931358354732932,12.326177730311604,9.968707755036144,-12.22473473505129
2001-03-26,15.66396837966947,14.271079841210051,9.719818120032933,-10.304772663868867
2001-03-27,14.536070234882772,14.320157805762616,12.279562710688953,-12.026069971155398
2001-03-28,13.88689212186055,15.045192928975508,12.518041001593758,-12.096168951609567
2001-03-29,14.889835422567009,16.126487082965394,11.572892185244044,-12.818890797528319
2001-03-30,14.738441231629885,15.374015236415076,11.235190960465898,-10.765089105287213
2001-03-31,15.022518089178568,14.522651628013204,13.227728768991334,-11.030681174474354
2001-04-01,13.923884152582207,15.073479064832474,13.789107251685085,-10.475910829300851
2001-04-02,14.601148444332972,12.338458950907897,13.172781946375931,-8.449868306550323
2001-04-03,13.24785312517217,13.696517953049351,11.597402478258207,-6.954872538934641
2001-04-04,12.4531361478635,12.938613059522588,11.20534446440719,-7.593400315552529
2001-04-05,12.572731690255658,10.740207740800201,10.460483160773512,-7.30002035874094
2001-04-06,10.953989787896077,10.478315824230776,11.566869886139697,-8.045390863747484
2001-04-07,12.158185085705101,11.2591269160458,10.938837545376678,-8.231272855065601
2001-04-08,12.152720041526623,11.90398025680837,11.99361890062198,-8.802151860923836
2001-04-09,11.774265465185762,9.576510909270496,12.708342662504194,-7.856173595890251
2001-04-10,11.90774301781156,8.494965996734896,13.84051703792166,-7.716397531046318
2001-04-11,12.13511035346057,8.121211248029704,14.37589021818567,-9.0226456640638
2001-04-12,11.64913590917697,7.627737923049581,13.767411581961184,-9.031232377190882
2001-04-13,11.96628817394675,7.071545628575911,12.734731811116486,-8.897015865253012
2001-04-14,12.675193890064241,6.540609336826265,13.272091685799616,-9.353039009247489
2001-04-15,12.13921503212259,5.730479042363768,13.43168781060904,-9.302350211158931
2001-04-16,12.168449687202095,5.534420110843009,12.87494248071502,-11.417347542283714
2001-04-17,13.391441271683604,5.53623437553397,12.936902471735605,-11.330929682200965
2001-04-18,14.148593574660023,5.613208813726523,12.27795513594753,-9.923093604516707
2001-04-19,15.09554303973124,7.164112142089344,13.061329567061586,-11.109171859168395
2001-04-20,14.534249671836214,8.317915318760196,12.903854697570061,-11.731300727369867
2001-04-21,13.980956408311595,8.615669878608564,13.179818940979183,-11.503224242301563
2001-04-22,12.518104040967962,9.973447468590162,10.814654353661874,-11.534553828555064
2001-04-23,14.16410775375429,10.711249048127204,11.810362718089712,-11.373814108418657
2001-04-24,11.89143162111409,10.080092478735178,11.082975200114554,-11.343137022690943
2001-04-25,12.430058037250495,9.216201215061805,11.556429706439129,-11.539563148194269
2001-04-26,13.013024438702114,10.621636765975236,11.502790698749239,-11.86209235016005
2001-04-27,12.623629888403983,10.818191963190712,12.253513540244015,-11.538943976031884
2001-04-28,14.105953208211432,10.023938232634999,12.20247644404702,-13.288215256803696
2001-04-29,14.849724250302572,10.922703218252277,11.734386332623549,-14.146336413471305
2001-04-30,14.4590836782208,9.284915082455166,12.035032541725368,-14.007436762880992
2001-05-01,15.273399163629835,7.613419114869287,13.065516460860259,-13.011569855387457
2001-05-02,16.25261309645118,7.52179150767439,13.253555506606816,-14.241330863552045
2001-05-03,13.778530341175639,8.651703025860412,11.340990478721745,-13.40037394058843
2001-05-04,13.250650457954839,8.847492276941155,11.089338603500503,-14.578192355323665
2001-05-05,13.979677774080498,9.200914204815584,12.320284404534823,-16.360151790203084
2001-05-06,14.459187561791682,9.469490443818845,12.621334474022527,-17.27894515745482
2001-05-07,12.558633957833953,8.558001645865748,12.749849313254114,-17.572811645399316
2001-05-08,12.05804120264992,8.348822385628168,11.40236495134857,-17.101049147670324
2001-05-09,11.814669543676413,7.92364279514792,11.56667240276473,-16.874808230405826
2001-05-10,11.771176586752253,8.441337257318388,11.980431559681234,-17.198299884963244
2001-05-11,12.927421209272119,9.087050338183394,13.188333410971842,-17.362100355927968
2001-05-12,11.867031668911807,8.668801814008283,13.044357080677543,-16.9950166146328
2001-05-13,11.145498920305691,9.762351194705255,12.758582717252091,-16.85476125706738
2001-05-14,11.188182532061518,8.483597363180332,13.184372091143867,-18.118054357446194
2001-05-15,11.29847134732552,9.586422135926965,13.65692954255825,-19.325689287923087
2001-05-16,10.567540836923289,10.309301680063047,14.049513785243317,-20.94815251745061
2001-05-17,8.570848136283493,8.786782385391934,15.011529335468861,-22.00198844576119
2001-05-18,8.768650314276963,10.052085347176758,15.844512560124286,-23.441365601683714
2001-05-19,7.678796582779186,11.02880918183221,15.578838219754823,-23.447614064808064
2001-05-20,8.29382172896639,10.91428916681348,15.213579221275186,-24.36465801685634
2001-05-21,7.187125672581137,12.189712996397361,16.274249927241655,-25.747826898856644
2001-05-22,5.999781423393587,13.620028030417124,16.935497144229956,-26.50063612861824
2001-05-23,6.520014825713432,15.324674106146587,16.92473706721106,-26.207207877737808
2001-05-24,5.803622937995588,15.358693687679041,17.599159766222602,-24.9233045916238
2001-05-25,3.3323101942084,13.942465353539482,17.985394567734996,-23.638679318869947
2001-05-26,2.2782243452374287,14.119773624453977,19.06714326654241,-23.670054688147108
2001-05-27,0.31041396948621514,13.791941147747341,17.56875933023529,-23.852313722596175
2001-05-28,0.8015472087616837,12.975234698152322,16.640525999062884,-24.061563515922053
2001-05-29,0.2831594523883306,12.786521075677172,15.671131345878775,-23.4648180861294
2001-05-30,-0.724102659719874,14.759402245767292,15.796805737000517,-23.86689876103894
2001-05-31,-1.0477487122195204,16.64438172235728,16.199672296318305,-25.464356126187436
2001-06-01,-1.1150123372550453,16.187984592701845,15.413591055495921,-26.19233497992988
2001-06-02,0.21412447264966605,15.15770842413859,13.464502931332182,-26.873145791998024
2001-06-03,-0.7776663274186852,15.483559928280492,12.78294843238207,-27.22371061329038
2001-06-04,-2.0105177524449744,14.724759923033515,11.95106999588586,-25.37448787724035
2001-06-05,-2.3232507477385416,15.19708966538247,12.993827532997038,-22.57322981842969
2001-06-06,-1.3684173096464674,16.510826834418083,11.366981961792384,-22.935703698248492
2001-06-07,-1.0335603414469339,16.322072460650908,12.146607058254183,-22.396111441834375
2001-06-08,-0.44197008482125544,15.352583443042326,11.22815965553277,-22.267173284616245
2001-06-09,-0.7640550911116317,15.191453883632438,12.149459545925524,-21.341970560109694
2001-06-10,0.5586066777716945,14.262301293096431,11.770420108234195,-21.94980035872701
2001-06-11,0.2768882149948563,13.887313936821531,11.251382398946276,-21.215426972825114
2001-06-12,-0.592720099940916,13.45696556896309,13.538031300801238,-19.897963411617035
2001-06-13,0.9677763953011836,14.110902318914624,14.042296381951724,-19.00235977757787
2001-06-14,2.1180963379292037,13.104707930210619,14.27473163899346,-17.542830168807136
2001-06-15,3.3877749570787667,12.330796359039974,15.829476434566114,-15.93818973496584
2001-06-16,4.259930184666853,13.397157616986274,14.825570259158697,-16.4374002037838
2001-06-17,2.4578240135376133,13.664208363018831,13.624776543482504,-17.501280918094853
2001-06-18,4.006748070084944,13.94764369153469,14.437952947840579,-18.492756596995317
2001-06-19,3.799341664226213,14.400597934999913,15.422331145100932,-18.2207673197613
2001-06-20,5.370564815243808,16.63199573612514,13.728610476746548,-18.754187737406685
2001-06-21,5.173395701261734,15.691216821101017,15.227291147441585,-17.535468985792132
2001-06-22,4.467830160554291,16.6653930978982,16.849127691681783,-17.23541052249462
2001-06-23,2.663441058776404,15.704371305185715,17.98721642744204,-18.500902259519616
2001-06-24,3.349545481280412,15.144320115388034,18.84400529247054,-17.82963699542049
2001-06-25,4.249488100264822,15.564661813151382,17.7704402697527,-18.222038022331898
2001-06-26,5.838631845917353,16.571763751720766,17.733526211095217,-16.91598372887844
2001-06-27,2.850099444675207,16.362791083734113,17.59309407374507,-17.718136194410285
2001-06-28,2.2791372736486477,18.424474601431047,18.48495544621952,-19.91339629586771
2001-06-29,1.1019488598266165,18.41255224241348,17.851831070356955,-20.810118852734277
2001-06-30,-1.364400105346465,20.431555408697932,18.895516125218766,-21.352736094997315
2001-07-01,-1.2641880763526976,18.332166839040024,18.71780397687038,-22.12172608201661
2001-07-02,-1.7351847974203842,18.191739994500733,16.110007591645452,-22.04594735252338
2001-07-03,-1.9061404354488771,17.146523625182947,14.43495492255998,-22.981313727385224
2001-07-04,-1.2570899303921599,17.964189649320275,13.97258912849871,-24.07545720554336
2001-07-05,-1.5825317466001376,16.682557057909243,14.015737836194027,-23.87125714186708
2001-07-06,-2.6503906508899955,15.65861550770602,14.225157395179858,-24.594665282342667
2001-07-07,-2.4159431838475527,14.367219608153821,14.785176921825492,-26.38816076346032
2001-07-08,-3.6866131183456448,13.338087741299995,14.47981980380244,-25.244113977280904
2001-07-09,-3.8705591085381568,14.455380277433065,13.900044691702252,-24.88676230357302
2001-07-10,-3.564789600918835,15.468173949659427,13.77876589960605,-25.580234462258318
2001-07-11,-4.5224138737586,18.104218879818756,13.148471046843081,-25.40442277010621
2001-07-12,-5.0125256221317,19.877914930150173,13.799812451393375,-26.129224278692842
2001-07-13,-6.117416278251134,20.08541702273977,15.376699861043408,-25.144144357587663
2001-07-14,-7.0489683911331396,18.84496536076394,17.169325456712862,-24.884273562441486
2001-07-15,-7.290690632445902,19.618150977811865,18.078872471024802,-24.544741861534863
2001-07-16,-5.958892542144545,19.851879211913207,17.41553835929895,-24.385776888945095
2001-07-17,-5.562524597362846,20.626805600074587,15.950115629237933,-24.0420014143497
2001-07-18,-5.1465586044952945,20.922551196501068,15.81309720574534,-23.773732005070602
2001-07-19,-5.168552952323134,20.04279279198003,15.525649793705659,-24.693850346593642
2001-07-20,-6.835958550163621,19.33609528964568,15.84959932344987,-24.799146424336612
2001-07-21,-7.155899163932327,19.746621410188713,16.01993306457735,-23.034928907755578
2001-07-22,-7.323884468531078,20.447430551882746,15.660489673288938,-22.401688103466146
2001-07-23,-5.528049307535286,20.223577943140278,16.78623647381061,-23.77612895327789
2001-07-24,-7.665920858951276,18.848176844747826,16.710709658357107,-22.962102141387156
2001-07-25,-7.467203304391238,19.697925345705343,17.539595492944606,-23.900077636184314
2001-07-26,-7.867792665225219,19.28336888228214,18.289890384546307,-24.007348292335237
2001-07-27,-7.78081259138826,20.557583944791237,18.094718875470612,-24.920503471924068
2001-07-28,-7.338418640960831,19.966633995454217,17.530852253643847,-24.690009515049113
2001-07-29,-5.177754512420748,18.885458295755186,17.496673638942582,-25.34686914067896
2001-07-30,-4.1695452546918315,21.463023566088488,17.212947852872293,-24.304504934584642
2001-07-31,-3.7449142635576687,22.040064144545944,17.9117948129957,-23.469190689819435
2001-08-01,-2.402728284738532,23.333788096779568,18.613665922987305,-23.571661174407716
2001-08-02,-2.760922413974112,22.874979471933656,19.855946999266333,-24.73331532654934
2001-08-03,-4.139239667128584,22.240001197908796,20.087922646299173,-23.986685418541384
2001-08-04,-4.727773613004846,22.387333666338115,20.92334043617165,-25.631029473293896
2001-08-05,-4.674655646055962,22.90785691421251,22.311974028446784,-25.700760517861312
2001-08-06,-4.438101680082436,23.847729862607462,20.830251768577188,-24.455420021515604
2001-08-07,-3.174918152497125,22.98143427242753,20.779654544040383,-24.234114371104216
2001-08-08,-1.6822463959825038,23.75004572543002,21.68645633195548,-24.000640705121967
2001-08-09,-2.1996101298234025,23.158609265294118,22.143625627336462,-23.288111119158213
2001-08-10,-0.31626263955937794,23.24416361202708,21.53518479882834,-21.044971536593064
2001-08-11,-1.594454335374604,24.030666094752554,20.908412016567798,-21.887234497441796
2001-08-12,-2.1903487678154856,24.48166943711059,21.179474118206723,-20.267897130377037
2001-08-13,-0.8025010383738078,25.171195271115558,21.108097134384824,-20.59363885673257
2001-08-14,-2.4181856463055116,25.962469050279637,21.049078033519184,-20.811584034911704
2001-08-15,-4.325119017249257,24.984749460637943,21.368088247951714,-18.780769322817815
2001-08-16,-3.761929330680001,24.648429144690336,20.84521138775265,-18.634299531360767
2001-08-17,-5.6336688331144416,23.615668110843977,18.74380997190126,-20.826264598497644
2001-08-18,-6.218048973935429,25.154258173893428,18.837545262542005,-21.296197557014757
2001-08-19,-7.070093664166827,25.578410656534622,16.98752514842794,-21.48190322209899
2001-08-20,-7.000619724515767,25.833962538294983,16.748501240206018,-21.51309158788659
2001-08-21,-8.54198521539708,25.856506811381898,17.00847381465937,-21.87620022547219
2001-08-22,-8.783879485314161,25.428788501802416,17.3357792927713,-20.803089671281878
2001-08-23,-8.063271951591542,25.558638664390745,18.673790003411188,-22.290751994923436
2001-08-24,-8.45660951821195,27.03577742059273,18.515387819625126,-21.061075869902584
2001-08-25,-7.610470092662696,25.70243263334769,15.872893848098947,-21.5542250062172
2001-08-26,-6.48280343513414,25.28321667096125,16.808611793527117,-21.979121868756277
2001-08-27,-5.27348257159629,24.63813118631624,15.998681207681102,-22.640459131460407
2001-08-28,-4.928351278729691,24.76356331579811,17.334041799490585,-23.616602919377677
2001-08-29,-5.2328237331075655,24.56036036119931,17.84305546375631,-24.682841972591433
2001-08-30,-5.47920740794153,25.48682275248403,16.618935063269685,-24.09464440955498
2001-08-31,-5.541360686189164,26.109707412856444,15.62181163308843,-24.692632822102578
2001-09-01,-4.925826844339605,27.942185329217786,15.529637882980388,-23.925701400645508
2001-09-02,-5.719209213285421,29.272632893115414,16.657492514699094,-23.705336514144065
2001-09-03,-4.487328720705398,29.239568316420826,15.578015088873062,-22.24409763501152
2001-09-04,-3.582876029423612,31.686037980000428,15.065992369649047,-21.417584526990375
2001-09-05,-4.423055152862064,32.280609525305664,15.483351681032907,-21.423519144094037
2001-09-06,-4.580965267890373,31.831015081009635,15.090466752883655,-22.04144769792499
2001-09-07,-3.077327423991519,29.678878918862917,16.004378805042755,-22.500539649792607
2001-09-08,-2.034561167336225,30.576939256230755,15.560679758580676,-22.370029674728215
2001-09-09,-1.8309142667576714,31.361607076728873,15.342106469670167,-22.02869193519357
2001-09-10,-2.274078298467121,32.4456178183772,13.738884035257755,-21.920835385989218
2001-09-11,-3.1977384413825405,30.795479176289454,12.242387138868317,-21.318912215824913
2001-09-12,-3.1803048087020382,29.523969426760544,13.503936506923033,-20.757171853805655
2001-09-13,-2.612741730399363,28.365697167668472,14.829233357637609,-19.83580992347336
2001-09-14,-1.8804704116917477,29.638990383276468,15.186468158978432,-20.742526205999397
2001-09-15,-3.722178097170379,31.302291632408156,13.971347779351959,-21.656597827324912
2001-09-16,-3.094028262607353,32.482506344096386,16.117061102668224,-21.456622802815502
2001-09-17,-4.8186602891506425,31.61511110154298,16.14959929887649,-21.968620042604407
2001-09-18,-5.943603845089914,30.71178002255993,15.60948687438935,-21.58149798047431
2001-09-19,-6.576329951126743,32.526491503526614,13.871540592584521,-19.75751993955195
2001-09-20,-7.758624266015443,32.022727749146746,13.251899685794633,-19.05149827695809
2001-09-21,-7.966396352981541,30.786060886259012,14.256635177981549,-19.780810139242593
2001-09-22,-9.178180741640498,30.573781458480425,12.460649476348843,-19.630056066634886
2001-09-23,-9.734118467068274,30.19354443888901,15.063123861376262,-20.289775659761066
2001-09-24,-8.638824350738115,30.657787488286484,16.129375862546453,-22.48220112034673
2001-09-25,-7.383990597612754,32.10692480581043,17.080789685634322,-22.627971776975226
2001-09-26,-7.9152753074349995,31.0660162502218,15.680180317815761,-24.823610782724945
2001-09-27,-8.240773815622688,30.700807682546586,15.773858097324858,-24.472767036410296
2001-09-28,-7.710929607307585,30.58390193071619,16.273048759983865,-24.909883764031772
2001-09-29,-7.485533311824269,30.883448720763994,17.88050017864789,-24.923477056559516
2001-09-30,-7.590231654866801,31.583998011428886,18.31879930057479,-24.132912271358173
2001-10-01,-7.850105115509054,31.78010342150324,17.704797225904734,-24.700484932278563
2001-10-02,-7.998831727688175,30.47033524206192,18.732788193577267,-25.382511954553824
2001-10-03,-7.282809890373946,29.278031718708327,19.781633045175116,-25.710484007086528
2001-10-04,-7.640927412687889,28.17712963628095,20.366514122066082,-24.701088527052136
2001-10-05,-9.62876496630121,27.899942553753895,19.81000408642236,-25.2373757691841
2001-10-06,-9.887943774676575,28.5359355117128,20.066814858183708,-24.259883623899043
2001-10-07,-11.965398383067809,28.998167998282344,18.945594188766204,-24.028216140201195
2001-10-08,-11.02779418255006,27.698534101906752,20.002567548697414,-23.674932504572457
2001-10-09,-10.930490516136734,26.534727836501734,20.220380244084154,-23.721585512386653
2001-10-10,-9.992961722730474,27.085925521569386,19.243840413771643,-22.136565478844176
2001-10-11,-8.481936236631617,24.964979541240908,18.456994771238843,-21.133970057517416
2001-10-12,-7.496247019457737,25.50937109271699,19.843745627892783,-21.477985622870477
2001-10-13,-6.769818786086446,23.91792714611138,19.432152851228032,-20.232417676102987
2001-10-14,-7.179805041782536,22.886865131150657,21.286961811268476,-20.48089985086707
2001-10-15,-5.752262381365354,24.20888405260993,21.485447106657844,-21.137482875059987
2001-10-16,-7.792615690217856,24.18065279936525,20.607773260091268,-18.074439179739823
2001-10-17,-7.268387078982396,23.84450160951843,20.962208483704117,-18.65182069654211
2001-10-18,-8.31891203804659,24.517618187737842,21.427451106629924,-19.214387058915737
2001-10-19,-10.326365207563736,23.583036481023214,23.44343131149918,-19.985612181158835
2001-10-20,-10.269416348189246,23.83576221945773,23.53825706118245,-19.07961919777329
2001-10-21,-11.00868102582396,23.669541921563795,24.099528464041377,-18.94124781916796
2001-10-22,-12.0116411888709,25.698310405424436,25.53603185902216,-16.927939945002883
2001-10-23,-11.158434791925174,26.208751449341722,25.08901554394208,-17.33437332453022
2001-10-24,-9.40789845330278,25.17706512971152,25.43221488592948,-17.90738666976294
2001-10-25,-8.804803306268813,24.953709008294624,25.534429429105874,-18.482920696129355
2001-10-26,-9.637157333359424,25.82681921879585,25.109167672339037,-19.006400299494395
2001-10-27,-8.172971366267989,26.960627169143443,25.6975378849745,-18.20692823895916
2001-10-28,-8.824970242841625,25.939306413357496,25.625525491115003,-19.536155961899052
2001-10-29,-8.257355865096669,25.696829351075348,24.69337300037878,-19.947594466510008
2001-10-30,-6.242361702086521,24.694152505035774,25.050216843325668,-21.095778457090343
2001-10-31,-6.675954027435741,24.04453290382473,25.261698826714767,-20.323411115044575
2001-11-01,-6.826851238769426,24.534167497946914,25.701877743488733,-19.420414576144545
2001-11-02,-5.403366657220426,24.380249288035124,24.676941596306047,-20.37805274992072
2001-11-03,-4.444189772135233,25.441494529560945,25.08664126730595,-20.44176630101889
2001-11-04,-2.2496027426779848,25.31025555919234,24.078240057778274,-21.062960904189733
2001-11-05,-2.3022400508593863,24.683755380668682,23.83837825372999,-21.39024093863122
2001-11-06,-2.686355389643039,24.387080506636536,23.901681585056362,-20.863394556670137
2001-11-07,-3.0728405101794576,22.63844073533947,25.190347590532326,-20.378356997995844
2001-11-08,-2.3576382538466,23.15818311690228,25.435921116910485,-20.647986183117716
2001-11-09,-1.189430293283805,22.112899778123104,26.516686595944652,-21.679656349698075
2001-11-10,-1.9300721153601694,22.874677680551713,27.591591277759388,-22.721816399960684
2001-11-11,-1.698001506227654,22.307976760551455,25.697806676281125,-25.067363199935464
2001-11-12,-1.9265928194399602,21.577972008797424,27.23101383190794,-25.191728934734105
2001-11-13,-1.3031463810841966,22.07502480859774,27.769480784672744,-25.93106474702878
2001-11-14,0.32076735268229384,20.524063026761976,26.30849615461457,-27.05613676688618
2001-11-15,-0.17647450561854522,19.87463414683901,25.926014232786226,-27.169766328103353
2001-11-16,1.0687395180237318,20.98525769000113,27.085026647445176,-25.790816160264995
2001-11-17,1.6934159797902053,19.970123002743552,25.71413447650742,-26.273607249274402
2001-11-18,1.527009098551478,21.122670489477635,26.029173014650688,-27.586427241237097
2001-11-19,-0.524311422531494,21.448765664358262,26.164648615286847,-27.073329692646993
2001-11-20,0.6580348697932701,22.221262951616335,25.232349809595622,-27.171144879756373
2001-11-21,1.617503265961225,20.769437967771186,25.320598441895275,-25.468689991494323
2001-11-22,0.7803604664697924,20.559704771488853,26.855454986857794,-25.598105701513425
2001-11-23,1.0143956758695247,20.954843392314753,25.241732659320697,-25.220595229750145
2001-11-24,-0.36538150118922674,20.094793238104675,24.89004084558133,-25.29870694388217
2001-11-25,-0.9254954250614081,18.869295069377472,23.972994256314326,-26.45160547206014
2001-11-26,1.140794408259429,20.936236752402554,24.097275161695467,-26.4468275981088
2001-11-27,-0.21056648646265486,19.834895033948424,23.889874801486105,-24.94131220495136
2001-11-28,-1.5233921321236334,21.096933309873727,23.398955026126753,-27.140431730156354
2001-11-29,-3.3114679754579703,20.280196262397087,22.899600094140407,-27.262844997268825
2001-11-30,-2.4907376837198063,19.953259294524003,24.679113387109588,-26.716655251248397
2001-12-01,-2.5542914955166034,19.224094896435986,24.230676398412154,-27.19216140996564
2001-12-02,-3.9149108168437996,19.069497902659023,22.052120103675385,-27.42139933153384
2001-12-03,-2.8637470279777446,18.87850367296432,21.469789760683028,-28.825864851708253
2001-12-04,-3.1403019052016803,17.78119821667627,22.44022354702094,-28.753727519085572
2001-12-05,-1.437064902407443,18.995336513612532,23.644452899603706,-28.377999450156256
2001-12-06,-0.6693592904320251,19.148197039166302,21.62258950458868,-28.687822859101043
2001-12-07,-0.4159872673975031,19.351703681541185,21.92864922389966,-26.77889882769571
2001-12-08,-0.49466935825618097,19.5280572830188,20.84595557566191,-26.28178894839351
2001-12-09,-1.185707399470639,17.049740070030538,20.02760901543762,-27.035538186914817
2001-12-10,-1.7203596448636242,16.021068378241658,20.92661491650827,-25.709211602812005
2001-12-11,-1.3082685776675071,15.25681574713736,21.031439443906216,-27.21922714081582
2001-12-12,-2.0381869561448385,14.502118444355956,19.861506530719485,-27.59833449917908
2001-12-13,-3.689709426329119,14.684545901670232,20.041414316969025,-28.561452088996365
2001-12-14,-2.4295616037820764,15.042922080308559,19.664203557380475,-30.449269853512934
2001-12-15,-2.021680114612381,15.202039593660691,19.697764653898393,-32.47508296004434
2001-12-16,-3.194160293477336,16.498269239203907,19.55565456652764,-32.52030191450052
2001-12-17,-5.015901581948451,15.072665702958156,19.094716016968245,-31.664226423644465
2001-12-18,-5.95835983317028,14.122645656778095,19.006347505747485,-33.165735282886466
2001-12-19,-6.960755751348606,13.455902397522681,20.118500581913615,-31.8480782231943
2001-12-20,-7.986149859114793,11.250921015447442,19.75845754270573,-31.90228458537137
2001-12-21,-6.5371368794750335,10.204503969139958,19.628185034290475,-29.62883015002217
2001-12-22,-5.136550422638565,11.30272417061002,18.056431672309294,-29.6470101014763
2001-12-23,-4.583503689324706,10.449772157824185,18.989356815216794,-28.671662968560845
2001-12-24,-5.753296914459552,9.885843273383813,18.334319336633065,-28.87563853561631
2001-12-25,-6.243436298068811,9.011751487935879,18.321401800549797,-27.448593228116035
2001-12-26,-5.2455532568811565,9.872041946982787,19.606949743973754,-26.573264992511756
2001-12-27,-6.034784451468118,8.350749716477416,20.5669949633599,-26.937305593349436
2001-12-28,-4.876849968629427,7.874684324922448,21.34323475041751,-28.3166146778017
2001-12-29,-4.956417786653703,8.1430382538532,21.420199546090387,-27.82694935966496
2001-12-30,-5.366496008044984,8.36281000242792,21.457031569026146,-28.450130217045285
2001-12-31,-4.697447220823511,10.215419074561222,21.590496810128982,-30.29650854503931
2002-01-01,-8.90357742292928,11.402487727842649,22.066497622490424,-30.189447193873256
2002-01-02,-9.955996306003987,11.641708834989801,22.976606781533185,-29.29633562679624
2002-01-03,-8.64923138428269,9.989367030492303,21.585853942358334,-30.722175920883366
2002-01-04,-8.144939952111395,9.995611029226202,20.788190209737984,-29.04640830689759
2002-01-05,-7.462265977682739,9.12865122098667,20.41219220684899,-26.0454365532954
2002-01-06,-6.812385611839697,8.678471111115655,22.637607946970196,-24.90284958494065
2002-01-07,-7.040052800541998,7.458647009644183,22.22352364367461,-25.695082903475107
2002-01-08,-6.842893543230618,7.878656210473042,23.39180485201178,-24.45031587503269
2002-01-09,-8.136118521167216,9.616671021440775,22.36382759094765,-24.737432728863094
2002-01-10,-9.808473973919343,8.945948210325941,23.95744279046213,-24.713572641418484
2002-01-11,-8.680285760406463,8.756982989594825,24.321715758398565,-25.42267747823908
2002-01-12,-8.916089704230956,8.19498649353173,22.194182763882278,-24.357563024300845
2002-01-13,-9.765627900889823,6.833782193893807,21.30147420202973,-21.7169971158156
2002-01-14,-8.786566523874649,7.221170840467193,21.532029661928398,-23.521464401542175
2002-01-15,-7.770080724875106,8.19653205935987,21.622725825905874,-21.39171325044109
2002-01-16,-5.652857269165441,7.360883502063368,21.6176429964952,-21.340860697186375
2002-01-17,-5.424719436148772,9.645286415854404,22.696403980251418,-22.125120610159964
2002-01-18,-5.2946068350177375,10.03072426693164,22.668973545949775,-22.680574177194444
2002-01-19,-5.918224851528378,9.445005343256089,23.475221168966225,-24.568144757923985
2002-01-20,-7.734744209511051,10.30970876706665,24.39104851596936,-25.532945583711346
2002-01-21,-7.21842458688909,10.831182858193852,22.633683285345757,-25.299379050684372
2002-01-22,-7.29450601090399,10.535040740936982,24.290671496911873,-24.028211991037352
2002-01-23,-6.1022426373215755,11.038935330462865,22.125951105204667,-24.071482420160574
2002-01-24,-5.850895316737582,9.001852554443849,19.96122907014243,-21.636027518060985
2002-01-25,-5.952792656708886,8.701631623360871,19.452732556480463,-23.083923616153864
2002-01-26,-4.625498682470049,8.741570784187974,18.807771445091007,-22.760411066794862
2002-01-27,-5.38060363968988,8.352663097572316,20.020481996249117,-23.75402096947855
2002-01-28,-6.185823359932392,7.58507511084765,19.42041180616922,-23.37750985635674
2002-01-29,-5.518567747280185,9.429107780097063,18.98967745349483,-22.35023192288325
2002-01-30,-5.519650380551811,10.03762390655557,17.833102524978276,-21.309139351383244
2002-01-31,-4.746140068470891,8.8889428905303,17.969071164015894,-22.544265828168985
2002-02-01,-4.035339913305291,9.626414081610429,20.261263567046267,-22.524872087570383
2002-02-02,-2.8462849135702073,10.484017197670118,19.658938687372686,-21.878337103844252
2002-02-03,-1.7222007888375996,10.428778044232212,19.247962566520233,-23.57243739880254
2002-02-04,-1.61031108514649,11.641106456937926,18.427792504073878,-21.36263608149858
2002-02-05,-3.0567812756774826,13.28814600312016,18.444319754778842,-20.93527425445378
2002-02-06,-4.595655943580125,13.955820163453112,19.77804689799371,-20.969472786721614
2002-02-07,-4.146410575212747,15.444338440249732,20.50650502304432,-20.78790766235661
2002-02-08,-5.36830520819388,15.451419814334102,20.975611627335375,-21.045387109173625
2002-02-09,-4.5660607841422,15.494774966308967,20.223475747834183,-20.306451829992685
2002-02-10,-4.326751000619419,15.403134340144636,17.57889686910145,-19.398176430916898
2002-02-11,-4.626506956665927,14.622320214806482,15.300097521596632,-20.04285253486934
2002-02-12,-3.9802732434145036,16.121256028816973,16.11683776156471,-19.986053068217768
2002-02-13,-3.1861344398405227,15.782843937720827,17.23643581464667,-20.334049407469806
2002-02-14,-4.89328729607618,14.132674659661658,16.941578773262123,-21.1761285524459
2002-02-15,-5.548147152129312,14.319817254860844,16.395179016999833,-21.158899571855805
2002-02-16,-7.092318444803978,14.413141606269395,17.80446383888332,-20.745987436110813
2002-02-17,-7.825556263187869,14.978590307007643,18.358809293456005,-21.73914232686494
2002-02-18,-8.2886706758154,15.039368298586238,19.25098052125777,-21.06080617540367
2002-02-19,-9.13944729640121,14.528011452243703,19.654873616821593,-22.306833496949924
2002-02-20,-8.43050855386924,14.598415271091488,20.81877448520574,-22.04528994639196
2002-02-21,-7.379719276949739,14.536908870668379,20.952719119728872,-22.40322478015384
2002-02-22,-6.589350301689705,14.641877176619163,20.783146186920156,-21.596358724952992
2002-02-23,-6.235625181747146,14.749071223951075,20.32322751624822,-21.948315202063903
2002-02-24,-5.866174340027557,14.88416152760245,19.849992529006038,-21.43207377476009
2002-02-25,-6.063633403720616,14.782561694711978,20.558641151963364,-22.676441123278853
2002-02-26,-7.846854483183134,14.95187669328016,22.08127542882029,-22.463029460851473
2002-02-27,-7.772167903169115,15.356143447994018,21.026585957000137,-22.18951803723754
2002-02-28,-7.206082620246235,14.511802072147415,20.012238084338765,-22.72591530334313
2002-03-01,-8.83574088185359,14.510115962026362,19.350644435598472,-21.436198659326326
2002-03-02,-7.831307921411584,16.76229635236912,19.322448993203267,-20.90205398007096
2002-03-03,-9.173614301583765,16.20316669993407,18.390496881196377,-21.272436636898153
2002-03-04,-10.153564934732712,16.89263275905071,19.491833966816802,-19.86902491042201
2002-03-05,-10.978147548213045,16.469724393831005,19.590668701335105,-21.714876062716765
2002-03-06,-10.976214824612,17.805324386577805,18.76010721202749,-22.668704243143875
2002-03-07,-9.606696230629149,17.297624353588873,16.390731280113037,-22.38392187012503
2002-03-08,-9.809032722851986,17.030464333830867,14.499375395207716,-23.742550430133214
2002-03-09,-10.378487405736747,15.844685326839961,14.597731014665808,-24.85513145278618
2002-03-10,-10.271589366250193,17.114211357501272,13.831537768413593,-23.244414176602668
2002-03-11,-11.124547771978614,17.053156494843083,14.158287950838604,-24.132690739371082
2002-03-12,-11.699151235642667,16.426726194406214,14.557251536615695,-23.516370636115415
2002-03-13,-11.041570532958334,14.698737168848634,14.457788336767855,-23.19861549865924
2002-03-14,-11.538344313151665,15.329507933324749,13.634996858544724,-22.25953135312784
2002-03-15,-11.741697597949877,13.581528159244275,13.151918688867031,-22.260959407077333
2002-03-16,-10.742371148917512,13.031371669724487,12.278921710201827,-23.255199513410535
2002-03-17,-10.277356350806718,12.495299495218273,12.167366162513117,-24.380283871133866
2002-03-18,-10.655670511667973,12.306010812175156,11.339638952680783,-24.76313211349256
2002-03-19,-10.15311948124109,12.23246938989231,12.164746936336703,-24.189801188885106
2002-03-20,-12.498872589610025,12.829361799402623,12.816289263340005,-25.625846348593072
2002-03-21,-12.161137528109936,12.422267831550657,12.139700396602777,-24.418994685605192
2002-03-22,-10.760899942432019,12.583659433612322,10.762900806972162,-24.425661792457866
2002-03-23,-11.629727702571637,12.58090786399235,10.918193574256215,-26.37675413290388
2002-03-24,-10.678697358158923,13.68238857887973,12.667275485220392,-27.471348786753353
2002-03-25,-11.854345935629443,12.239269480329757,12.994958190453607,-29.387223658443077
2002-03-26,-11.765483095949966,14.314264170672235,12.031181873925853,-28.561581340455334
2002-03-27,-11.215092955734068,14.324072600857198,12.894342028006434,-29.86421716248875
2002-03-28,-11.930197505054945,15.078144910375595,13.703639386662374,-28.978532160121826
2002-03-29,-11.517106989633362,13.637681460581062,14.212079400144852,-29.61446086721568
2002-03-30,-12.56612840968152,13.02865710187442,15.214941372855186,-29.37914477762567
2002-03-31,-12.786325081514503,13.501239242668504,16.963923654593327,-30.539623731469543
2002-04-01,-12.793047561676634,14.023097717271597,17.53412727674896,-28.66431404123835
2002-04-02,-13.295162235477466,15.01118892386179,17.340438725904857,-30.00447736845438
2002-04-03,-15.126030476740407,14.893495794097454,18.423810718567317,-29.344356230055258
2002-04-04,-16.107760165530664,14.01606465496652,17.381594811621273,-30.883428528564075
2002-04-05,-15.175721887913651,14.490389406740539,18.580343194496486,-31.505403888070152
2002-04-06,-17.666134589614217,14.975593866868778,16.597945448950536,-30.74870533998539
2002-04-07,-17.532199441954408,13.82245564539445,15.172214468756714,-29.161976328500348
2002-04-08,-18.346309834801136,13.997923178742312,14.785444909979212,-28.47740457419279
2002-04-09,-19.202983043490136,13.444605652260899,15.951414785405149,-27.25463429903644
2002-04-10,-20.15313617979511,13.752778763962874,15.739471521669088,-26.102720491240106
2002-04-11,-23.163324011153193,13.333359014965907,14.965078635091771,-27.562291164673365
2002-04-12,-22.395302482665652,11.576208645852326,16.36319949772404,-28.603760257944284
2002-04-13,-22.331713147342008,10.280525672308611,15.972407529784775,-29.837128567535355
2002-04-14,-20.456325860975706,9.725263023551502,16.583048245835318,-28.732799468781536
2002-04-15,-18.448307203954094,8.873964031214962,17.065796565114464,-29.04312929186746
2002-04-16,-17.752411226434056,10.435440207520106,16.067950623941275,-30.783776232583246
2002-04-17,-18.384249460624016,10.683846964529632,16.691441026857923,-30.06707654518075
2002-04-18,-19.070545699265004,10.89891839892177,15.562126553408838,-30.640817333963795
2002-04-19,-18.0515962562572,10.694541033830586,15.233926854655927,-28.994400616923958
2002-04-20,-19.673462287261923,11.710149675352788,14.093029864825937,-28.073248619209206
2002-04-21,-19.141255389550903,12.132824461064516,14.656273845344327,-28.23999821942207
2002-04-22,-18.150016019119473,12.718809135000827,15.393504471182457,-26.76553098156176
2002-04-23,-18.860711153567365,12.514528128898148,16.474001921063145,-29.54670748074942
2002-04-24,-18.949102983235715,11.121588011563706,15.095619820246728,-30.560859324289538
2002-04-25,-19.86678281507657,11.85256366978084,15.99498485041958,-29.911634435216673
2002-04-26,-21.479010313878945,11.971402650043593,16.811808039515476,-29.562400413434275
2002-04-27,-23.13660928081362,11.875188274058996,14.459544820536307,-29.127112278804645
2002-04-28,-21.870935043766337,10.933102265670664,14.14020333942987,-29.629831580404552
2002-04-29,-21.68554497712978,10.72727825880373,13.629020356848201,-28.236266235783074
2002-04-30,-20.690739612959682,9.871568983344302,13.659313479417694,-25.846926188560985
2002-05-01,-20.861605825690795,8.91443082135297,12.510083163017,-25.92067515340091
2002-05-02,-20.275057536192598,10.768827780404433,12.9224576462454,-28.238759461202896
2002-05-03,-19.619943724746165,12.65255834577689,13.7211535542432,-28.062304756230166
2002-05-04,-19.49246972574694,13.14534207622575,12.354968192115903,-27.28935803270855
2002-05-05,-18.29073681583957,13.974293018109954,12.027192305540343,-26.90380840901608
2002-05-06,-18.72816870271731,13.612069562212568,11.571190810969954,-27.582042454928086
2002-05-07,-18.52942633664353,13.625712878510639,11.420855985811219,-27.684891071820395
2002-05-08,-18.608980749270902,14.083447062473036,11.280759229409453,-27.068687717352763
2002-05-09,-17.46876079610425,14.952887310380019,9.482087082077086,-27.237657818881885
2002-05-10,-18.221833206041293,15.936919964102696,9.963644412919228,-26.344987385594585
2002-05-11,-17.1906748137117,16.31178971410002,9.52911104696755,-28.20677455975378
2002-05-12,-17.93568498702643,16.598819700883706,8.09009881491421,-27.929519262615994
2002-05-13,-19.10160050581079,17.104955337570903,8.114618440072771,-26.933261061027135
2002-05-14,-20.71687096544737,16.355722386874543,8.130892825634557,-27.047526383707336
2002-05-15,-20.103093523495666,14.871680225656167,7.620338619471264,-25.928178586163018
2002-05-16,-20.18626105050095,14.192477145042226,9.131341095880764,-25.576113326733775
2002-05-17,-19.45877726741129,13.456233004201941,6.544745937802579,-25.663803912587884
2002-05-18,-18.779393860897276,13.784172126101723,6.211707524917182,-24.493178472214694
2002-05-19,-19.127387650805222,14.127938254771848,6.023250049958511,-22.070972190227252
2002-05-20,-20.75498368116469,13.244482744953833,5.965238106341256,-21.065951415392917
2002-05-21,-21.62266535713414,13.395047113082324,6.124177381284821,-20.857024334442105
2002-05-22,-21.507677779040336,13.433049759294951,5.738726373196968,-20.51414610737127
2002-05-23,-21.209003065721458,14.44274642050048,6.040909483880062,-20.615114559485487
2002-05-24,-20.538927265446656,13.504505963327679,4.367577105399137,-21.081902641655784
2002-05-25,-20.127225690120767,12.546608951396415,2.482206779261852,-18.785577957513844
2002-05-26,-22.054782682986477,12.532948140063244,2.1071352689964864,-17.23763628322789
2002-05-27,-21.4304288377857,12.529762591815986,0.40999203049751487,-16.843071892075532
2002-05-28,-20.82060669651802,11.955939007526746,-0.25353490529137357,-16.76881780634042
2002-05-29,-21.95300974231784,11.401487098591295,0.11954019002060035,-17.141607824835788
2002-05-30,-22.71520887127404,9.935495746678239,0.23715556203374055,-14.87999706645964
2002-05-31,-22.740936103562326,9.601836304722237,-0.2992814148984938,-13.271758765268268
2002-06-01,-24.121072699059894,10.748963865260077,0.05665200866831982,-13.750916680490219
2002-06-02,-24.452899699477616,11.271388118915965,0.4527159106091322,-14.476895971719298
2002-06-03,-24.527472895378153,10.669432707410898,-0.30411221983709136,-15.254680703953149
2002-06-04,-25.937876793560005,11.32838890719206,-1.2750862387888968,-15.064924079990556
2002-06-05,-26.901243891943714,10.847818553744096,-0.5277127068968066,-13.412060260869211
2002-06-06,-25.06702770445297,12.444165739182845,-1.6280732301425023,-13.021790221273656
2002-06-07,-25.470696133303115,12.231721260013334,-0.7142395070190667,-12.015629958740254
2002-06-08,-25.667534738779242,12.900112077199173,0.025705294451599747,-10.121126067192828
2002-06-09,-23.66777469272624,12.487257948402117,1.069977745169703,-11.588799976397638
2002-06-10,-22.67108526981917,12.813783486164972,1.7249432498281005,-12.28139603371171
2002-06-11,-22.62575143897885,12.99922728067263,2.19043816918085,-11.225855919256855
2002-06-12,-23.190449165141064,13.08610964728864,1.6998489697925083,-9.435872789594406
2002-06-13,-21.97106093427029,13.42112557102521,1.8204861549699674,-8.743982412450272
2002-06-14,-22.01172719645008,13.758538330062448,0.9406781986452326,-7.993992625827917
2002-06-15,-21.507704248697802,15.188361522822241,1.9161021474542488,-6.517697584751241
2002-06-16,-21.449269401144743,16.428184776884017,1.5068739467526484,-4.957514553953888
2002-06-17,-22.290467417506072,17.81366474020759,2.002289578209597,-6.296376159820365
2002-06-18,-21.14684890805249,18.862184999166466,3.3408115325819967,-7.724191977968357
2002-06-19,-20.936220260343198,20.650738725090022,3.1531670603883204,-7.689183318394801
2002-06-20,-21.41116358190826,21.967366514692603,2.7486413374018728,-7.48004774646789
2002-06-21,-21.1804823009809,22.896349183911543,1.272597922091708,-7.062920466495898
2002-06-22,-21.51041711761189,21.612731311283536,1.7744180665143432,-7.638137525432481
2002-06-23,-20.95356898533163,22.271548202285366,1.3736616664732408,-8.267264998943046
2002-06-24,-20.841394835724323,22.643552607495828,1.5716140621826977,-8.277305092732394
2002-06-25,-20.314010109287683,21.543301263052456,1.9103511131473783,-7.538751591561152
2002-06-26,-19.453118348982766,21.524005846180113,1.3710957840356053,-7.106672093615577
2002-06-27,-17.887493015502823,22.048910490301168,1.3933450360688766,-9.11157304433938
2002-06-28,-17.333870546212484,21.46142369127466,0.1630072306911643,-9.988450745899558
2002-06-29,-18.926081768598326,21.725651992142698,0.09184751459564362,-10.501946563211936
2002-06-30,-19.695664014960588,20.991616812525972,1.3058797512546234,-11.503561876280306
2002-07-01,-19.5181134193839,20.843778418076834,0.3912982196808691,-11.521247350047808
2002-07-02,-20.932431764094673,21.023029754947352,-0.45735168149219063,-10.96142792474871
2002-07-03,-23.058780648402188,21.398175018201282,-1.5642122566106367,-11.484204828390617
2002-07-04,-22.825840333747138,22.281812735606753,-2.031345773944908,-11.911297468303278
2002-07-05,-22.220485910227904,22.152621787063133,-2.6780951319686337,-12.833796367529775
2002-07-06,-22.070994503380472,22.774037735330136,-1.4237197025132073,-11.771251045553894
2002-07-07,-21.773037579621175,22.194726536216294,0.3068706693976364,-12.334670821371772
2002-07-08,-20.667072506903043,22.37919875102205,-1.007086966097337,-13.116463369181027
2002-07-09,-19.87062808500373,22.428906562208113,-1.3455368239978323,-11.367924893928674
2002-07-10,-20.35888176248638,22.64329818559444,-0.9418152058398186,-11.061484641927123
2002-07-11,-21.122648023664432,22.77708664233121,-0.6432598686607887,-10.651414501629374
2002-07-12,-21.316654177275943,23.984065939421967,0.4967813675239683,-11.257594317426557
2002-07-13,-20.630566297992594,24.94481282268812,0.4207720924611639,-10.02402643435036
2002-07-14,-19.42410011863373,26.599694772755257,-0.22072257662748057,-11.042300152458079
2002-07-15,-21.155198087357117,25.086433290438016,-0.13193083091708924,-10.675608338620668
2002-07-16,-21.183146271969125,25.109100064825935,0.9403387107476182,-11.019369822602993
2002-07-17,-22.196293736040797,24.826267398717604,0.12953256839700245,-10.7859387457038
2002-07-18,-21.34161312380507,25.394319886804794,0.4532409756980468,-10.776210204995811
2002-07-19,-19.13560941914113,25.362030584331656,-0.6017646497899777,-10.69751810473575
2002-07-20,-18.501739274404407,24.597611320822253,0.5597877741705221,-9.259927294816803
2002-07-21,-17.50321384105453,23.91801935079595,-1.000417879833213,-7.9683629135098935
2002-07-22,-17.529870821144833,23.91639736292057,-0.07506504648068058,-5.680895996698853
2002-07-23,-16.297433335938138,24.707213138544574,0.306253229479891,-4.853643959365618
2002-07-24,-16.05782926630278,26.15289717848592,0.13507595367982655,-4.916529022335054
2002-07-25,-16.5509304072791,25.237786302696595,-0.6549766884416344,-2.76415301650876
2002-07-26,-16.74525732992112,25.852714331370347,-0.4925112938188131,-2.9472175108380414
2002-07-27,-17.10149948973206,24.56035410886304,0.7782699643093903,-4.988450259378378
2002-07-28,-16.620638701056908,25.757491545580013,0.9005805808821269,-4.042401240980631
2002-07-29,-16.5954824307017,25.53869603656128,0.37817749579944815,-3.854607904109775
2002-07-30,-17.381957936685797,27.83037799093592,0.4037926455409129,-3.550614178746389
2002-07-31,-17.987485709075585,26.250975659543922,1.4974130236363272,-3.852791732618947
2002-08-01,-19.44421117855635,24.453348287058986,0.34693565031618,-4.722643556730092
2002-08-02,-20.057391526497774,24.56120792259498,-0.3839379951990035,-5.421076011401414
2002-08-03,-18.702766447762162,23.547679257930746,-0.7618788423897607,-4.772352431814442
2002-08-04,-18.664249921874084,24.974938385038005,-2.5421474912701676,-4.261316118385146
2002-08-05,-18.65082072076206,23.798006536932036,-1.5058092964244643,-5.608336538750956
2002-08-06,-18.924176237114313,23.356420683685965,-1.6964110161966346,-5.43413840599978
2002-08-07,-18.99997676265693,24.092686777195297,-0.8946867304517513,-4.340985039883325
2002-08-08,-19.79379411409035,24.36095862603462,-1.6391429917606655,-4.665308448681887
2002-08-09,-19.74191910817833,23.733476724938953,-1.797997276011053,-4.5768918037456015
2002-08-10,-21.046455934656294,23.741671126984954,-1.9667286705583455,-5.742552600748614
2002-08-11,-20.849954891343238,23.13932893586657,-2.936553244200307,-5.251833384344673
2002-08-12,-19.671478684893437,24.146968601045135,-2.9795865057436037,-6.031254972878467
2002-08-13,-19.631473679126014,24.940666197835537,-2.044525199733794,-6.908429285898443
2002-08-14,-21.245776504614945,24.633354827997294,-1.522909780485735,-7.465866264539183
2002-08-15,-20.954160129516524,25.5508207853685,-1.1880346627341978,-8.437015359279297
2002-08-16,-22.311684505495556,24.546799533674374,-0.9030135395536472,-7.031386407796741
2002-08-17,-20.572829498769888,24.222647024889394,-1.9603077817925014,-6.983882423174988
2002-08-18,-19.16063798080762,25.13245714431785,-2.955075269591619,-6.838346987584411
2002-08-19,-21.60798125203327,26.230793010059845,-2.302380570305766,-6.631157904433842
2002-08-20,-21.31559361695116,26.305187787796825,-2.570283800551936,-7.216218710495063
2002-08-21,-20.94638623111576,25.532681299311292,-1.3784559869676483,-8.024891195809618
2002-08-22,-19.352644559694667,27.069963437236954,0.0297829598505559,-8.24639460717146
2002-08-23,-18.61642897901574,27.721123304973318,0.19954936011910726,-7.2131042371731535
2002-08-24,-19.31601837229816,29.90780302857363,0.30499908298112444,-6.380730034098649
2002-08-25,-18.808591916555212,29.317865047451527,-1.1664611376150333,-7.396912059567299
2002-08-26,-18.808276643287364,29.840008168727874,0.48801249018009796,-7.864468431278098
2002-08-27,-18.17725806094925,29.03779330431481,-0.20766156929400104,-5.808336879633694
2002-08-28,-17.653774623158064,27.8386560337149,0.08319781703852341,-6.950347389145571
2002-08-29,-18.580448943914853,26.625597896471092,0.09686062813329749,-7.3458397148585615
2002-08-30,-17.20494866016314,27.028295239201274,0.2190512909044472,-7.48047818471364
2002-08-31,-16.724532680747387,30.042680810267424,0.068236197643017,-8.795280046921762
2002-09-01,-17.01627562714605,31.81761945591788,-0.9129933622152508,-9.598924201098379
2002-09-02,-17.753977364541306,32.16152097984249,-0.8248590420077503,-11.042280322237687
2002-09-03,-16.47130880477902,32.02078360698399,-0.000155619578336208,-10.989079703134244
2002-09-04,-16.740531065662523,31.84462635374705,1.053489534609756,-11.048572983113017
2002-09-05,-17.238256170641797,31.935943513475543,-0.6460438684830967,-12.066623553305025
2002-09-06,-17.207162175424852,30.70056481722536,-1.2719635369468723,-11.826544193462091
2002-09-07,-17.471063695087107,29.421931722484317,-1.3622470149156156,-13.703217585692611
2002-09-08,-16.993493282931645,30.038483021473304,-2.0113288000658427,-14.726815607610236
2002-09-09,-16.082034275992292,30.07036290381198,-1.4353611903112937,-17.2498643155134
2002-09-10,-15.352192269095843,28.1184744814456,-2.4642296041680387,-18.401719817843485
2002-09-11,-16.346828055751875,28.916830573102583,-1.7811239700272972,-18.310336529149733
2002-09-12,-16.008378770738315,29.25842408119368,-1.7479606097438898,-18.558377588085303
2002-09-13,-15.461220150036533,28.233071593976486,-1.7854581990769485,-17.108806692198286
2002-09-14,-13.909362571046135,29.069692863967674,-2.7929672518961794,-18.286499138580695
2002-09-15,-13.352786271867926,28.024364204607917,-3.4574122791652027,-19.293954580168766
2002-09-16,-12.875087327800072,28.63516471490405,-2.0305256992555787,-18.191917028150147
2002-09-17,-11.156825517308096,27.915221813284113,-0.7635270345516636,-16.11402314649972
2002-09-18,-10.935267322010198,26.587228596308844,-1.8244823155370253,-16.537914569552242
2002-09-19,-12.236175537051217,26.553290018797046,-4.724593261507828,-14.970851309503129
2002-09-20,-11.91784286990807,26.68061387063448,-5.448913089066126,-13.444090585920158
2002-09-21,-12.420227961166274,25.66963197292493,-4.610373276130948,-14.191495947292502
2002-09-22,-11.70696070949598,25.91903407145936,-4.996959487815347,-13.273510848863994
2002-09-23,-11.386909696953541,25.724568361370657,-3.5220303236375075,-13.659960925316156
2002-09-24,-11.974382399246423,25.62837636181516,-0.8809481176154161,-13.034813361735669
2002-09-25,-13.659832896017104,25.417491349646834,-1.8214234372234812,-13.817395995873268
2002-09-26,-14.836854779690594,24.972591822168653,-0.9958600965257866,-13.385899589417681
